{
  "monday": [
    [
      "Урок1",
      "8:30",
      105,
      "Иванов Иван Иванович",
      502
    ],
    [
      "Урок2",
      "10:20",
      45,
      null,
      null
    ],
    [
      "Урок3",
      "11:25",
      45,
      null,
      null
    ],
    [
      "Урок4",
      "12:20",
      45,
      null,
      null
    ]
  ],
  "tuesday": [
    [
      "Урок1",
      "8:30",
      45,
      null,
      null
    ]
  ],
  "wednesday": [
    [
      "Урок1",
      "8:30",
      45,
      null,
      null
    ]
  ],
  "thursday": [
    [
      "Урок1",
      "8:30",
      45,
      null,
      null
    ]
  ],
  "friday": [
    [
      "Урок1",
      "8:30",
      45,
      null,
      null
    ]
  ]
}